<application>
  <component name="FindSettings">
    <option name="customScope" value="All Places" />
    <option name="defaultScopeName" value="All Places" />
    <option name="SEARCH_SCOPE" value="All Places" />
    <option name="FILE_MASK" value="*-beans.xml" />
    <mask>*.html</mask>
    <mask>*.as</mask>
    <mask>*.mxml</mask>
    <mask>*.jsp</mask>
    <mask>*</mask>
    <mask>*.css</mask>
    <mask>*.xml</mask>
    <mask>*.less</mask>
    <mask>*.js</mask>
    <mask>*.json</mask>
    <mask>*.impex</mask>
    <mask>*-items.xml</mask>
    <mask>*-spring.xml</mask>
    <mask>*.java</mask>
    <mask>*.jsp,*.tag</mask>
    <mask>*.properties</mask>
    <mask>*-beans.xml</mask>
  </component>
</application>